"itempicture",Name,Unit Price,"TotalQuantity",Quantity Florida,"QuantityNew Jersey","***PAINTED ITEMSFlyDeltaKaleido LowKaleido HighCobraLuckyBobinoThalis","NYC COBRA HAS MIDDLE(STRAIGHT PIECE)FLORIDA HAS CORNER AS AMIDDLE PIECE",item,Unnamed: 0,Unnamed: 1,Unnamed: 2,Unnamed: 3,Total,Unnamed: 4,Unnamed: 5,Quantity,Unnamed: 6,***PAINTED ITEMS
,Dining chairs,,,,,,,,,,,,,,,,,
,yoyoma silver frame,$             22.00,505.0,263.0,242.0,,,,,,,,,,,,,
,yoyoma gold frame,$             22.00,510.0,310.0,200.0,,,,,,,,,,,,,
,blue,$             22.00,157.0,77.0,80.0,,,,,,,,,,,,,
,white,$             22.00,800.0,555.0,0.0,,,,,,,,,,,,,
,olive,$             22.00,520.0,230.0,231.0,,,,,,,,,,,,,
,orange,$             22.00,50.0,,50.0,,,,,,,,,,,,,
,black,$             22.00,900.0,582.0,320.0,,,,,,,,,,,,,
,white,$22.00,464.0,214.0,250.0,,,,,,,,,,,,,
,black,$22.00,450.0,200.0,250.0,,,,,,,,,,,,,
,oh gold frame,$             18.00,615.0,340.0,275.0,,,,,,,,,,,,,
,oh silver frame,$             18.00,596.0,306.0,290.0,,,,,,,,,,,,,
,white,$             18.00,860.0,460.0,400.0,,,,,,,,,,,,,
,black,$             18.00,466.0,306.0,160.0,,,,,,,,,,,,,
,gala black back (ref oh inventory),$               4.00,625.0,340.0,200.0,,,,,,,,,,,,,
,gala white back (ref oh inventory),$               4.00,598.0,340.0,200.0,,,,,,,,,,,,,
,back pads black,$             15.00,460.0,260.0,200.0,,,,,,,,,,,,,
,castle white frame (SALE ITEM),$             22.00,470.0,310.0,160.0,,,,,,,,,,,,,
,castle black frame  (SALE ITEM),$             22.00,501.0,326.0,175.0,,,,,,,,,,,,,
,castle gold frame  (SALE ITEM),$             22.00,430.0,220.0,210.0,,,,,,,,,,,,,
,clear back,$             22.00,490.0,320.0,170.0,,,,,,,,,,,,,
,black pads and backs,$             22.00,286.0,280.0,6.0,,,,,,,,,,,,,
,white pads and backs,$             22.00,520.0,220.0,300.0,,,,,,,,,,,,,
,gold pads and backs,$             22.00,520.0,240.0,280.0,,,,,,,,,,,,,
,sirena white,$             10.00,820.0,820.0,0.0,,,,,,,,,,,,,
,sirena black,$             10.00,773.0,540.0,0.0,,,,,,,,,,,,,
,sirena clear,$               8.00,780.0,780.0,0.0,,,,,,,,,,,,,
,kelly white $ 15 IN NYC,$             14.00,420.0,220.0,200.0,,,,,,,,,,,,,
,kelly black,$             12.00,330.0,111.0,219.0,,,,,,,,,,,,,
,kelly smokey,$             14.00,595.0,251.0,344.0,,,,,,,,,,,,,
,kelly green,$             14.00,171.0,171.0,,,,,,,,,,,,,,
,kelly magenta (mix of pinks),$             14.00,248.0,280.0,70.0,,,,,,,,,,,,,
,kelly blue,$             14.00,212.0,144.0,68.0,,,,,,,,,,,,,
,Kelly Ghost Chair - NEW Pink Purple,$             14.00,252.0,132.0,120.0,,,,,,,,,,,,,
,kelly purple,$             14.00,386.0,320.0,66.0,,,,,,,,,,,,,
,Kelly Coral (red)  (SALE ITEM),$             14.00,173.0,173.0,,,,,,,,,,,,,,
,kelly clear *MIAMI $10,$             12.00,1308.0,1202.0,288.0,,,,,,,,,,,,,
,kelly red,$             14.00,97.0,20.0,77.0,,,,,,,,,,,,,
,Matrix pink,$             15.00,540.0,460.0,80.0,,,,,,,,,,,,,
,Matrix purple,$             15.00,556.0,472.0,84.0,,,,,,,,,,,,,
,Matrix blue,$             15.00,552.0,468.0,84.0,,,,,,,,,,,,,
,Matrix amber,$             15.00,556.0,472.0,84.0,,,,,,,,,,,,,
,sally clear,$             15.00,112.0,27.0,85.0,,,,,,,,,,,,,
,sally black,$             15.00,185.0,120.0,150.0,,,,,,,,,,,,,
,sally white,$             15.00,200.0,120.0,80.0,,,,,,,,,,,,,
,bella black,$             12.00,187.0,55.0,132.0,,,,,,,,,,,,,
,bella white,$             12.00,700.0,552.0,150.0,,,,,,,,,,,,,
,bella grey,$             12.00,191.0,56.0,135.0,,,,,,,,,,,,,
,matrix orange,$             15.00,183.0,138.0,45.0,,,,,,,,,,,,,
,matrix green,$             15.00,129.0,67.0,62.0,,,,,,,,,,,,,
,matrix red,$             15.00,183.0,60.0,123.0,,,,,,,,,,,,,
,matrix yellow,$             15.00,190.0,120.0,70.0,,,,,,,,,,,,,
,matrix white,$             12.50,654.0,442.0,212.0,,,,,,,,,,,,,
,matrix black,$             12.50,442.0,251.0,196.0,,,,,,,,,,,,,
,titanium,$             12.00,174.0,135.0,39.0,,,,,,,,,,,,,
,x back,$             10.00,360.0,344.0,16.0,,,,,,,,,,,,,
,marguerite (FOR SALE),$             22.00,243.0,215.0,28.0,,,,,,,,,,,,,
,Accents chairs,,,,,,,,,,,,,,,,,
,Rigoletto Gold Frame,$           250.00,27.0,27.0,0.0,,,,,,,,,,,,,
,Rigoletto Silver Frame,$          250.00,6.0,6.0,0.0,,,,,,,,,,,,,
,rigoletto gold black cushions,$          250.00,15.0,10.0,5.0,,,,,,,,,,,,,
,rigoletto gold olive cushions,$          250.00,10.0,4.0,6.0,,,,,,,,,,,,,
,rigoletto gold aqua blue cushions,$           250.00,9.0,4.0,5.0,,,,,,,,,,,,,
,rigoletto gold cushions,$           250.00,13.0,7.0,6.0,,,,,,,,,,,,,
,rigoletto silver cushions,$           250.00,10.0,6.0,4.0,,,,,,,,,,,,,
,paloma black,$           320.00,12.0,6.0,6.0,,,,,,,,,,,,,
,paloma white,$          320.00,10.0,4.0,6.0,,,,,,,,,,,,,
,paloma blue,$           320.00,12.0,4.0,8.0,,,,,,,,,,,,,
,paloma green,$           320.00,10.0,6.0,4.0,,,,,,,,,,,,,
,velours red,$           220.00,0.0,0.0,0.0,,,,,,,,,,,,,
,velours light blue,$           220.00,8.0,4.0,4.0,,,,,,,,,,,,,
,velours brown,$          220.00,6.0,0.0,6.0,,,,,,,,,,,,,
,velours magenta,$          220.00,9.0,7.0,2.0,,,,,,,,,,,,,
,velours olive,$          220.00,0.0,0.0,0.0,,,,,,,,,,,,,
,velours taupe,$          220.00,18.0,6.0,12.0,,,,,,,,,,,,,
,velour black,$           220.00,1.0,1.0,0.0,,,,,,,,,,,,,
,velours dark blue,$          220.00,18.0,6.0,12.0,,,,,,,,,,,,,
,velours jade,$          220.00,18.0,7.0,11.0,,,,,,,,,,,,,
,velours aqua blue,$          220.00,12.0,4.0,8.0,,,,,,,,,,,,,
,barok black FOR SALE,$          220.00,4.0,2.0,2.0,,,,,,,,,,,,,
,barok taupe FOR SALE,$          220.00,4.0,0.0,4.0,,,,,,,,,,,,,
,barok blue FOR SALE,$           220.00,4.0,0.0,4.0,,,,,,,,,,,,,
,barok gold FOR SALE,$          220.00,4.0,2.0,2.0,,,,,,,,,,,,,
,english rose,$          220.00,24.0,10.0,14.0,,,,,,,,,,,,,
,xani (LEATHER),$          220.00,20.0,4.0,16.0,,,,,,,,,,,,,
,bo 2.0 white single,$          200.00,129.0,79.0,50.0,,,,,,,,,,,,,
,black cover,$          200.00,80.0,40.0,40.0,,,,,,,,,,,,,
,orange cover,$          200.00,21.0,15.0,6.0,,,,,,,,,,,,,
,olive cover,$           200.00,15.0,10.0,5.0,,,,,,,,,,,,,
,beig cover,$           200.00,26.0,21.0,5.0,,,,,,,,,,,,,
,yellow cover,$          200.00,10.0,10.0,0.0,,,,,,,,,,,,,
,gold cover,$           200.00,6.0,6.0,,,,,,,,,,,,,,
,silver cover,$          200.00,,,,,,,,,,,,,,,,
,pink cover,$           200.00,6.0,6.0,0.0,,,,,,,,,,,,,
,blue cover,$           200.00,10.0,10.0,0.0,,,,,,,,,,,,,
,koo white,$           200.00,93.0,30.0,63.0,,,,,,,,,,,,,
,grey cover,$           200.00,107.0,45.0,62.0,,,,,,,,,,,,,
,pink cover,$           200.00,40.0,19.0,21.0,,,,,,,,,,,,,
,black cover,$           200.00,107.0,45.0,62.0,,,,,,,,,,,,,
,blue cover,$           200.00,59.0,38.0,21.0,,,,,,,,,,,,,
,red cover,$           200.00,8.0,4.0,4.0,,,,,,,,,,,,,
,olive cover,$           200.00,4.0,4.0,0.0,,,,,,,,,,,,,
,yellow cover,$          200.00,13.0,5.0,8.0,,,,,,,,,,,,,
,orange cover,$          200.00,14.0,5.0,9.0,,,,,,,,,,,,,
,patchouli,$          188.00,14.0,8.0,6.0,,,,,,,,,,,,,
,provence,$           195.00,21.0,15.0,6.0,,,,,,,,,,,,,
,cottage,$           188.00,4.0,0.0,4.0,,,,,,,,,,,,,
,fairy,$           220.00,8.0,4.0,4.0,,,,,,,,,,,,,
,bloom,$           188.00,6.0,2.0,4.0,,,,,,,,,,,,,
,pasto,$          188.00,12.0,0.0,12.0,,,,,,,,,,,,,
,adirondak white,$           220.00,2.0,0.0,0.0,,,,,,,,,,,,,
,adirondak natural,$          220.00,2.0,0.0,0.0,,,,,,,,,,,,,
,grass chair,$           188.00,2.0,,,,,,,,,,,,,,,
,jetson,$           350.00,4.0,2.0,2.0,,,,,,,,,,,,,
,aviator chair,$          300.00,6.0,2.0,4.0,,,,,,,,,,,,,
,aviator ball,$          220.00,7.0,4.0,3.0,,,,,,,,,,,,,
,aviator stool,$          100.00,10.0,7.0,3.0,,,,,,,,,,,,,
,aviator egg,$          350.00,0.0,0.0,0.0,,,,,,,,,,,,,
,casting white,$          188.00,17.0,11.0,6.0,,,,,,,,,,,,,
,casting black,$           188.00,18.0,8.0,10.0,,,,,,,,,,,,,
,flow grey,$          188.00,16.0,13.0,3.0,,,,,,,,,,,,,
,flow white,$           188.00,43.0,26.0,17.0,,,,,,,,,,,,,
,flow black,$           188.00,34.0,18.0,16.0,,,,,,,,,,,,,
,hymalaya,$             80.00,18.0,6.0,12.0,,,,,,,,,,,,,
,karma,$             80.00,2.0,2.0,0.0,,,,,,,,,,,,,
,harmony,$             80.00,6.0,0.0,6.0,,,,,,,,,,,,,
,azul,$             80.00,5.0,5.0,1.0,,,,,,,,,,,,,
,janis,$             80.00,13.0,5.0,9.0,,,,,,,,,,,,,
,sol,$             80.00,8.0,6.0,2.0,,,,,,,,,,,,,
,camel,$             80.00,38.0,22.0,16.0,,,,,,,,,,,,,
,dawn,$             80.00,4.0,2.0,2.0,,,,,,,,,,,,,
,bhutan,$             80.00,10.0,0.0,10.0,,,,,,,,,,,,,
,nepal,$             80.00,2.0,0.0,2.0,,,,,,,,,,,,,
,kashmir,$             80.00,10.0,0.0,10.0,,,,,,,,,,,,,
,luigi,$           320.00,4.0,2.0,2.0,,,,,,,,,,,,,
,romeo,$           220.00,23.0,13.0,10.0,,,,,,,,,,,,,
,lotus,$           150.00,66.0,36.0,30.0,,,,,,,,,,,,,
,face chair black,$          450.00,1.0,1.0,0.0,,,,,,,,,,,,,
,face chair red,$          450.00,2.0,1.0,1.0,,,,,,,,,,,,,
,face chair white,$           450.00,4.0,2.0,2.0,,,,,,,,,,,,,
,tongue chair,$          150.00,25.0,12.0,13.0,,,,,,,,,,,,,
,bubble chair clear,$          490.00,13.0,6.0,7.0,,,,,,,,,,,,,
,cocoon chair white,$          490.00,15.0,8.0,7.0,,,,,,,,,,,,,
,cocoon chair black,$          490.00,6.0,2.0,4.0,,,,,,,,,,,,,
,hand chair,$           250.00,4.0,2.0,2.0,,,,,,,,,,,,,
,posh black,$          188.00,,0.0,9.0,,,,,,,,,,,,,
,posh clear (colors paint to order),$220,36.0,7.0,20.0,,,,,,,,,,,,,
,Lime,,,,,,,,,,,,,,,,,
,red,,,,,,,,,,,,,,,,,
,purple,,,,,,,,,,,,,,,,,
,pink,,,,,,,,,,,,,,,,,
,orange,,,,,,,,,,,,,,,,,
,Mister Bean FRAME,$          120.00,100.0,,,,,,,,,,,,,,,
,Green Oliver cover,,50.0,,,,,,,,,,,,,,,
,Pink cover,,50.0,,,,,,,,,,,,,,,
,Purple cover,,50.0,,,,,,,,,,,,,,,
,Characoal cover,,50.0,,,,,,,,,,,,,,,
,Blue cover,,50.0,,,,,,,,,,,,,,,
,Black cover,,50.0,,,,,,,,,,,,,,,
,Off white cover,,50.0,,,,,,,,,,,,,,,
,bean bag white,$             80.00,20.0,6.0,14.0,,,,,,,,,,,,,
,bean bag black,$             80.00,25.0,5.0,20.0,,,,,,,,,,,,,
,Barstools,,,,,,,,,,,,,,,,,
,scoobidoo gold white,$             40.00,121.0,71.0,50.0,,,,,,,,,,,,,
,scoobidoo gold black,$             40.00,86.0,46.0,40.0,,,,,,,,,,,,,
,scoobidoo silver black,$             40.00,48.0,46.0,2.0,,,,,,,,,,,,,
,scoobidoo silver white,$             35.00,99.0,57.0,42.0,,,,,,,,,,,,,
,saki silver white,$             35.00,270.0,270.0,0.0,,,,,,,,,,,,,
,saki silver black,$             35.00,354.0,230.0,124.0,,,,,,,,,,,,,
,saki gold white,$             35.00,420.0,125.0,295.0,,,,,,,,,,,,,
,saki gold black,$             35.00,354.0,230.0,124.0,,,,,,,,,,,,,
,saki gold red,$             35.00,94.0,39.0,55.0,,,,,,,,,,,,,
,saki silver red,$             35.00,38.0,18.0,20.0,,,,,,,,,,,,,
,alice silver black,$             40.00,122.0,92.0,30.0,,,,,,,,,,,,,
,alice gold black,$             40.00,155.0,125.0,30.0,,,,,,,,,,,,,
,alice silver white,$             40.00,122.0,92.0,30.0,,,,,,,,,,,,,
,alice gold white,$             40.00,155.0,125.0,30.0,,,,,,,,,,,,,
,matrix barstool yellow,$             30.00,53.0,36.0,17.0,,,,,,,,,,,,,
,matrix barstool black,$             30.00,232.0,112.0,120.0,,,,,,,,,,,,,
,matrix barstool white,$             30.00,162.0,100.0,62.0,,,,,,,,,,,,,
,matrix barstool green,$             30.00,28.0,20.0,8.0,,,,,,,,,,,,,
,marguerite barstool,$             45.00,54.0,46.0,8.0,,,,,,,,,,,,,
,x back barstool,$             25.00,158.0,118.0,40.0,,,,,,,,,,,,,
,titanium barstool,$             20.00,120.0,50.0,70.0,,,,,,,,,,,,,
,provence barstool,$             45.00,50.0,50.0,0.0,,,,,,,,,,,,,
,cage barstool,$             20.00,51.0,38.0,13.0,,,,,,,,,,,,,
,air barstool,$             32.00,151.0,83.0,68.0,,,,,,,,,,,,,
,charles barstool clear,$             15.00,360.0,170.0,190.0,,,,,,,,,,,,,
,charles barstool black,$             15.00,126.0,63.0,63.0,,,,,,,,,,,,,
,charles barstool white (we have mix of,r$è m   e  )       15.00,169.0,87.0,82.0,,,,,,,,,,,,,
,charles barstool red,$             15.00,116.0,41.0,75.0,,,,,,,,,,,,,
,Tables,,,,,,,,,,,,,,,,,
,soho black,$           550.00,58.0,21.0,37.0,,,,,,,,,,,,,
,soho white,$           550.00,24.0,14.0,10.0,,,,,,,,,,,,,
,soho gold,$           550.00,31.0,10.0,21.0,,,,,,,,,,,,,
,soho silver,$           550.00,38.0,28.0,10.0,,,,,,,,,,,,,
,mirage gold and black  VINYL TOPS,$           550.00,24.0,14.0,10.0,,,,,,,,,,,,,
,mirage gold and white VINLY TOPS,$           550.00,24.0,14.0,10.0,,,,,,,,,,,,,
,mirage gold/gold VINYL TOPS,$           550.00,24.0,14.0,10.0,,,,,,,,,,,,,
,mirage silver/silver VINYL TOPS,$           550.00,35.0,25.0,10.0,,,,,,,,,,,,,
,mirahe silver white VINLY TOPS,$           550.00,35.0,25.0,10.0,,,,,,,,,,,,,
,mirage silver black VINLY TOPS,$          550.00,28.0,18.0,10.0,,,,,,,,,,,,,
,mirage black,$          550.00,33.0,23.0,10.0,,,,,,,,,,,,,
,mirage white,$          550.00,40.0,20.0,20.0,,,,,,,,,,,,,
,mirage gold,$           550.00,24.0,14.0,10.0,,,,,,,,,,,,,
,mirage silver,$           550.00,37.0,25.0,12.0,,,,,,,,,,,,,
,supernova silver,$           390.00,18.0,9.0,9.0,,,,,,,,,,,,,
,supernova gold,$           390.00,19.0,7.0,12.0,,,,,,,,,,,,,
,centaurus (gold is now painted),$          450.00,12.0,2.0,10.0,,,,,,,,,,,,,
,centaur,$           450.00,14.0,4.0,10.0,,,,,,,,,,,,,
,Dulceria FRAME,$          590.00,6.0,4.0,2.0,,,,,,,,,,,,,
,dulceria gold black,$           590.00,3.0,2.0,1.0,,,,,,,,,,,,,
,dulceria gold white,$          590.00,6.0,3.0,3.0,,,,,,,,,,,,,
,castillo gold white (per piece) VINYL,$           320.00,38.0,14.0,24.0,,,,,,,,,,,,,
,castillo gold black (per piece) VINYL,$           320.00,38.0,14.0,24.0,,,,,,,,,,,,,
,castillo silver white (per piece),$           320.00,36.0,20.0,16.0,,,,,,,,,,,,,
,castillo silver black (per piece),$           320.00,36.0,20.0,16.0,,,,,,,,,,,,,
,fortuna,"$       1,950.00",6.0,2.0,4.0,,,,,,,,,,,,,
,galactic,$          362.50,18.0,16.0,2.0,,,,,,,,,,,,,
,pegasus,$           313.00,1.0,1.0,0.0,,,,,,,,,,,,,
,galatic,$           400.00,16.0,16.0,0.0,,,,,,,,,,,,,
,thalis (paint white or black),$          529.00,17.0,25.0,12.0,,,,,,,,,,,,,
,bobino (paint white or black),$          529.00,19.0,8.0,11.0,,,,,,,,,,,,,
,parson black,$          390.00,35.0,29.0,6.0,,,,,,,,,,,,,
,parson white,$          390.00,29.0,19.0,10.0,,,,,,,,,,,,,
,tivoli square top,$          280.00,63.0,43.0,20.0,,,,,,,,,,,,,
,tivoli round top,$           280.00,40.0,28.0,12.0,,,,,,,,,,,,,
,bloem (black or white),$           250.00,37.0,37.0,0.0,,,,,,,,,,,,,
,mellow white,$           250.00,33.0,15.0,18.0,,,,,,,,,,,,,
,mellow black,$          250.00,14.0,4.0,10.0,,,,,,,,,,,,,
,blackberry,$          188.00,10.0,0.0,10.0,,,,,,,,,,,,,
,lychee,$          188.00,56.0,5.0,51.0,,,,,,,,,,,,,
,tulip black,$           225.00,43.0,21.0,22.0,,,,,,,,,,,,,
,tulip white,$           225.00,29.0,18.0,11.0,,,,,,,,,,,,,
,tulip purple,$          225.00,40.0,25.0,15.0,,,,,,,,,,,,,
,tulip yellow,$           225.00,40.0,25.0,15.0,,,,,,,,,,,,,
,tulip blue,$           225.00,40.0,25.0,15.0,,,,,,,,,,,,,
,tulip orange,$          225.00,40.0,25.0,15.0,,,,,,,,,,,,,
,tulip lime,$          225.00,7.0,0.0,7.0,,,,,,,,,,,,,
#####,tulip pink,$          225.00,40.0,25.0,15.0,,,,,,,,,,,,,
,bubbly black (COLORS UPON REQUEST,$          390.00,14.0,4.0,10.0,,,,,,,,,,,,,
,bubbly white (COLORS UPON REQUEST,$          390.00,33.0,15.0,18.0,,,,,,,,,,,,,
,quadra,$           420.00,16.0,14.0,2.0,,,,,,,,,,,,,
,jenga dinning,$          390.00,28.0,13.0,15.0,,,,,,,,,,,,,
,chambord,$          450.00,21.0,8.0,13.0,,,,,,,,,,,,,
,olivia,$          450.00,16.0,10.0,6.0,,,,,,,,,,,,,
,urban,$          420.00,27.0,18.0,9.0,,,,,,,,,,,,,
,europa,$           420.00,38.0,29.0,9.0,,,,,,,,,,,,,
,thalis garden,$          450.00,12.0,6.0,6.0,,,,,,,,,,,,,
,flores,$           362.50,12.0,6.0,6.0,,,,,,,,,,,,,
,abstract available in different color,$           150.00,25.0,10.0,15.0,,,,,,,,,,,,,
,toscana buffet GOLD,$          890.00,4.0,4.0,0.0,,,,,,,,,,,,,
,toscana buffet SILVER (WHITE TOP OPT,O$N  )        890.00,4.0,4.0,0.0,,,,,,,,,,,,,
,Cocktail table,,,,,,,,,,,,,,,,,
,moma silver frame,$           225.00,47.0,40.0,7.0,,,,,,,,,,,,,
,moma gold frame,$           225.00,44.0,40.0,4.0,,,,,,,,,,,,,
,white top,$          225.00,150.0,100.0,50.0,,,,,,,,,,,,,
,black top,$          225.00,150.0,100.0,50.0,,,,,,,,,,,,,
,silver top,$          225.00,150.0,100.0,50.0,,,,,,,,,,,,,
,gold top,$           225.00,150.0,100.0,50.0,,,,,,,,,,,,,
,moma black,$          225.00,41.0,26.0,15.0,,,,,,,,,,,,,
,moma white,$           225.00,37.0,23.0,14.0,,,,,,,,,,,,,
,moma rectangular gold frame,$          350.00,69.0,50.0,19.0,,,,,,,,,,,,,
,moma rectangular silver frame,$           350.00,79.0,50.0,29.0,,,,,,,,,,,,,
,white top,$          350.00,150.0,100.0,50.0,,,,,,,,,,,,,
,black top,$           350.00,150.0,100.0,50.0,,,,,,,,,,,,,
,gold top,$           350.00,150.0,100.0,50.0,,,,,,,,,,,,,
,silver top,$           350.00,150.0,100.0,50.0,,,,,,,,,,,,,
,moma rectangular white,$           350.00,37.0,16.0,21.0,,,,,,,,,,,,,
,moma rectangular black,$          350.00,37.0,18.0,19.0,,,,,,,,,,,,,
,regatta gold,$           225.00,25.0,15.0,10.0,,,,,,,,,,,,,
,regatta silver,$          225.00,23.0,13.0,10.0,,,,,,,,,,,,,
,"uno pedestal silver,black white",$          250.00,35.0,19.0,16.0,,,,,,,,,,,,,
,french garden,$           250.00,10.0,6.0,4.0,,,,,,,,,,,,,
,Fly (color upon request),$           294.00,34.0,29.0,5.0,,,,,,,,,,,,,
,saturn,$          188.00,24.0,12.0,12.0,,,,,,,,,,,,,
,happy hour,$          150.00,26.0,15.0,11.0,,,,,,,,,,,,,
,delta white,$          294.00,48.0,40.0,8.0,,,,,,,,,,,,,
,palette black,$          250.00,18.0,9.0,9.0,,,,,,,,,,,,,
,kaleido high (color upon request),$          294.00,45.0,30.0,15.0,,,,,,,,,,,,,
,sycomore gold,$           290.00,38.0,26.0,12.0,,,,,,,,,,,,,
,plata (SALE ITEM),$          225.00,11.0,0.0,11.0,,,,,,,,,,,,,
,carrara,$          225.00,67.0,35.0,32.0,,,,,,,,,,,,,
,walnut,$          225.00,22.0,18.0,4.0,,,,,,,,,,,,,
,Nefertiti silver 2.0 (NEW) matte silver,$           225.00,49.0,39.0,10.0,,,,,,,,,,,,,
,Nefertiti gold 2.0 (NEW) matte gold,$          225.00,35.0,25.0,10.0,,,,,,,,,,,,,
,yellow skirt,,,,,,,,,,,,,,,,,
,purple skirt,,,,,,,,,,,,,,,,,
,magenta skirt,,,,,,,,,,,,,,,,,
,light pink blush,,,,,,,,,,,,,,,,,
,orange skirt,,,,,,,,,,,,,,,,,
,navy blue skirt,,,,,,,,,,,,,,,,,
,lime green skirt,,,,,,,,,,,,,,,,,
,black skirt,,,,,,,,,,,,,,,,,
,aqua skirt,,,,,,,,,,,,,,,,,
,nefertiti gold,$           225.00,41.0,26.0,15.0,,,,,,,,,,,,,
,nefertiti silver,$          225.00,22.0,10.0,12.0,,,,,,,,,,,,,
,skirt lilac,$             50.00,20.0,10.0,10.0,,,,,,,,,,,,,
,skirt aqua blue,$             50.00,20.0,10.0,10.0,,,,,,,,,,,,,
,skirt green,$             50.00,18.0,10.0,8.0,,,,,,,,,,,,,
,skirt pink,$             50.00,10.0,10.0,0.0,,,,,,,,,,,,,
,skirt black,$             50.00,20.0,10.0,10.0,,,,,,,,,,,,,
,kyoto gold frame,$           250.00,70.0,40.0,30.0,,,,,,,,,,,,,
,kyoto silver frame,$          250.00,70.0,40.0,30.0,,,,,,,,,,,,,
,gold top,$           250.00,70.0,40.0,30.0,,,,,,,,,,,,,
,silver top,$           250.00,70.0,40.0,30.0,,,,,,,,,,,,,
,black top,$           250.00,70.0,40.0,30.0,,,,,,,,,,,,,
,white top,$          250.00,70.0,40.0,30.0,,,,,,,,,,,,,
,eiffel,$           195.00,41.0,17.0,24.0,,,,,,,,,,,,,
,dot,$          216.00,18.0,8.0,10.0,,,,,,,,,,,,,
,opus garden,$           250.00,16.0,10.0,6.0,,,,,,,,,,,,,
,zumba (sale item),$          250.00,15.0,11.0,4.0,,,,,,,,,,,,,
,saloon (sale item),$          250.00,27.0,27.0,0.0,,,,,,,,,,,,,
,cage high table,$          250.00,37.0,15.0,22.0,,,,,,,,,,,,,
,bourbon,$          220.00,38.0,13.0,25.0,,,,,,,,,,,,,
,tipi,$           220.00,13.0,11.0,2.0,,,,,,,,,,,,,
,jenga high,$           420.00,12.0,4.0,8.0,,,,,,,,,,,,,
,moma wood,$          250.00,65.0,36.0,29.0,,,,,,,,,,,,,
,velo table,$          450.00,1.0,0.0,1.0,,,,,,,,,,,,,
,wing desk,$          420.00,1.0,1.0,0.0,,,,,,,,,,,,,
,Side tables/Coffee tables,,,,,,,,,,,,,,,,,
,Espresso,$           120.00,17.0,2.0,15.0,,,,,,,,,,,,,
,regatta,$           120.00,23.0,18.0,5.0,,,,,,,,,,,,,
,Gyza silver,$          120.00,24.0,12.0,12.0,,,,,,,,,,,,,
,Gyza gold,$          120.00,38.0,20.0,18.0,,,,,,,,,,,,,
,Buck Gold,$           100.00,57.0,41.0,16.0,,,,,,,,,,,,,
,Buck Silver,$          100.00,64.0,49.0,19.0,,,,,,,,,,,,,
,Buck Custom color,$           100.00,35.0,19.0,16.0,,,,,,,,,,,,,
,Martini,$          120.00,30.0,18.0,12.0,,,,,,,,,,,,,
,magic mushroom orange,$           250.00,11.0,7.0,4.0,,,,,,,,,,,,,
,magic mushroom pink,$           250.00,8.0,4.0,4.0,,,,,,,,,,,,,
,magic mushroom red,$          250.00,12.0,4.0,8.0,,,,,,,,,,,,,
,magic mushroom blue,$           250.00,9.0,5.0,4.0,,,,,,,,,,,,,
,magic mushroom green,$          250.00,10.0,6.0,4.0,,,,,,,,,,,,,
,smart gold,$          188.00,52.0,30.0,22.0,,,,,,,,,,,,,
,smart silver,$           188.00,47.0,37.0,10.0,,,,,,,,,,,,,
,Smart pink (can pink more pink),$           188.00,4.0,2.0,2.0,,,,,,,,,,,,,
,smart white,,17.0,4.0,13.0,,,,,,,,,,,,,
,smart black,$          188.00,16.0,9.0,7.0,,,,,,,,,,,,,
,buck black,$           100.00,4.0,1.0,3.0,,,,,,,,,,,,,
,buck white,$           100.00,13.0,6.0,7.0,,,,,,,,,,,,,
,buck gold,$          100.00,81.0,35.0,46.0,,,,,,,,,,,,,
,buck silver,$           100.00,58.0,42.0,16.0,,,,,,,,,,,,,
,dexter black,$           188.00,13.0,6.0,7.0,,,,,,,,,,,,,
,dexter white,$           188.00,14.0,7.0,7.0,,,,,,,,,,,,,
,disk white,$           188.00,12.0,12.0,0.0,,,,,,,,,,,,,
,disk black,$          188.00,16.0,15.0,1.0,,,,,,,,,,,,,
,cube silver matte,$           120.00,7.0,0.0,7.0,,,,,,,,,,,,,
,cube gold matte,$          120.00,5.0,5.0,0.0,,,,,,,,,,,,,
,liberty gold,$           250.00,17.0,6.0,11.0,,,,,,,,,,,,,
,gilda,$           188.00,17.0,4.0,0.0,,,,,,,,,,,,,
,Manila brass,$           188.00,12.0,6.0,6.0,,,,,,,,,,,,,
,Maniila drum silver,$             90.00,20.0,10.0,10.0,,,,,,,,,,,,,
s,orbital silver,$          225.00,9.0,6.0,3.0,,,,,,,,,,,,,
,orbital gold,$           225.00,13.0,10.0,3.0,,,,,,,,,,,,,
,manilla,$           187.50,11.0,,11.0,,,,,,,,,,,,,
,manilla drum,$             90.00,19.0,0.0,19.0,,,,,,,,,,,,,
,manilla drum,$             90.00,5.0,4.0,1.0,,,,,,,,,,,,,
,manila brass,$          187.50,3.0,3.0,,,,,,,,,,,,,,
,pastil,$          120.00,12.0,0.0,12.0,,,,,,,,,,,,,
,BonBon (COLOR UPON REQUEST),$          225.00,9.0,9.0,,,,,,,,,,,,,,
,Amazonica,$          187.50,20.0,10.0,10.0,,,,,,,,,,,,,
,pampa,$           188.00,5.0,2.0,3.0,,,,,,,,,,,,,
,provence,$          120.00,10.0,4.0,6.0,,,,,,,,,,,,,
,provence grass,$           120.00,6.0,0.0,6.0,,,,,,,,,,,,,
,flores,$           188.00,15.0,6.0,9.0,,,,,,,,,,,,,
,pop grass,$           120.00,9.0,5.0,4.0,,,,,,,,,,,,,
,Cubata small,$           250.00,8.0,4.0,3.0,,,,,,,,,,,,,
,Cubata LARGE,$           390.00,8.0,5.0,3.0,,,,,,,,,,,,,
,cage,$          188.00,16.0,10.0,6.0,,,,,,,,,,,,,
,Marrakesh,$195.50,6.0,6.0,0.0,,,,,,,,,,,,,
,gepetto,$           113.00,12.0,6.0,6.0,,,,,,,,,,,,,
,dice white,$          130.00,12.0,4.0,8.0,,,,,,,,,,,,,
,dice black,$           130.00,13.0,6.0,9.0,,,,,,,,,,,,,
,kaleido low white (paint request),$          138.00,73.0,32.0,41.0,,,,,,,,,,,,,
,cuboid orange (PAINTED ITEM),$           120.00,15.0,10.0,5.0,,,,,,,,,,,,,
,cuboid yellow  (PAINTED ITEM),$          120.00,10.0,8.0,2.0,,,,,,,,,,,,,
,cuboid purple  (PAINTED ITEM),$          120.00,18.0,8.0,10.0,,,,,,,,,,,,,
,cuboid black  (PAINTED ITEM),$           120.00,19.0,17.0,2.0,,,,,,,,,,,,,
,cuboid white  (PAINTED ITEM),$          120.00,23.0,9.0,14.0,,,,,,,,,,,,,
,cuboid green  (PAINTED ITEM),$          120.00,18.0,8.0,10.0,,,,,,,,,,,,,
,lucky turquoise,$          138.00,29.0,17.0,12.0,,,,,,,,,,,,,
,lucky white,$           138.00,15.0,10.0,5.0,,,,,,,,,,,,,
,lucky red,$          138.00,22.0,17.0,5.0,,,,,,,,,,,,,
,lucky orange,$           138.00,6.0,3.0,3.0,,,,,,,,,,,,,
,lucky pink,$          138.00,14.0,7.0,7.0,,,,,,,,,,,,,
,lucky green,$          138.00,19.0,16.0,3.0,,,,,,,,,,,,,
,lucky yellow,$           138.00,22.0,21.0,1.0,,,,,,,,,,,,,
,cube wood,$             90.00,18.0,,18.0,,,,,,,,,,,,,
,lens (color upon request),$           120.00,35.0,20.0,15.0,,,,,,,,,,,,,
,pixel,$          100.00,100.0,20.0,80.0,,,,,,,,,,,,,
,basic,$             25.00,20.0,20.0,0.0,,,,,,,,,,,,,
,Candy Pink,$          120.00,24.0,12.0,12.0,,,,,,,,,,,,,
,Candy Lime,$          120.00,24.0,12.0,12.0,,,,,,,,,,,,,
,Candy Orange,$           120.00,24.0,12.0,12.0,,,,,,,,,,,,,
,Candy Yellow,$           120.00,24.0,12.0,12.0,,,,,,,,,,,,,
,Candy Blue,$           120.00,24.0,12.0,12.0,,,,,,,,,,,,,
,Candy Purple,$           120.00,24.0,12.0,12.0,,,,,,,,,,,,,
,Candy Silver,$           120.00,11.0,11.0,,,,,,,,,,,,,,
,Candy Black,$          120.00,24.0,12.0,12.0,,,,,,,,,,,,,
,Candy White,$          120.00,24.0,12.0,12.0,,,,,,,,,,,,,
,Toledo,$          120.00,8.0,8.0,,,,,,,,,,,,,,
,Lounge,,,,,,,,,,,,,,,,,
,peacock burgundy cover,$           750.00,25.0,13.0,12.0,,,,,,,,,,,,,
,peacock purple cover,$           750.00,25.0,10.0,15.0,,,,,,,,,,,,,
,peacock lime green cover,$           750.00,23.0,13.0,10.0,,,,,,,,,,,,,
,peacock teal cover,$          750.00,10.0,6.0,4.0,,,,,,,,,,,,,
,peacock moss green cover,$          750.00,9.0,7.0,2.0,,,,,,,,,,,,,
,peacock orange  cover,$           750.00,10.0,6.0,4.0,,,,,,,,,,,,,
,peacock light blush,$           750.00,4.0,3.0,1.0,,,,,,,,,,,,,
,peacock yellow  cover,$           750.00,34.0,17.0,17.0,,,,,,,,,,,,,
,peacock black  cover,$           750.00,18.0,6.0,12.0,,,,,,,,,,,,,
,disco gold  cover,$          750.00,2.0,2.0,0.0,,,,,,,,,,,,,
,disco silver  cover,$           750.00,7.0,3.0,4.0,,,,,,,,,,,,,
,madam butterfly magenta,$           690.00,5.0,3.0,2.0,,,,,,,,,,,,,
,madam butterfly black,$          690.00,19.0,18.0,1.0,,,,,,,,,,,,,
,madam butterfly blue,$          690.00,5.0,5.0,0.0,,,,,,,,,,,,,
,madam butterfly purple,$          690.00,2.0,2.0,0.0,,,,,,,,,,,,,
,madam butterfly lilac,$           690.00,5.0,4.0,1.0,,,,,,,,,,,,,
,madam butterfly yellow,$          690.00,6.0,4.0,2.0,,,,,,,,,,,,,
,madam butterfly orange,$          690.00,7.0,5.0,2.0,,,,,,,,,,,,,
,madam butterfly white,$           690.00,5.0,3.0,2.0,,,,,,,,,,,,,
,bombolino red,$          690.00,3.0,1.0,2.0,,,,,,,,,,,,,
,bombolino pink,$          690.00,8.0,5.0,3.0,,,,,,,,,,,,,
,bombolino white,$           690.00,13.0,6.0,7.0,,,,,,,,,,,,,
,bombolino gold,$           690.00,8.0,2.0,6.0,,,,,,,,,,,,,
,bombolino purple,$           690.00,2.0,,2.0,,,,,,,,,,,,,
,bombolno organge,$          690.00,7.0,1.0,6.0,,,,,,,,,,,,,
,bombolino black,$          690.00,9.0,5.0,4.0,,,,,,,,,,,,,
,bomblino aqua,$           690.00,3.0,1.0,2.0,,,,,,,,,,,,,
,bombolino silver,$          690.00,15.0,11.0,4.0,,,,,,,,,,,,,
,bombolino rainbow,$           690.00,2.0,0.0,2.0,,,,,,,,,,,,,
,velours green moss,$           490.00,1.0,1.0,0.0,,,,,,,,,,,,,
,velours chocolat,$           490.00,1.0,0.0,,,,,,,,,,,,,,
,velour lime,$          490.00,1.0,1.0,,,,,,,,,,,,,,
,velours red,$           490.00,20.0,2.0,18.0,,,,,,,,,,,,,
,velour light blue,$           490.00,5.0,5.0,,,,,,,,,,,,,,
,velours aqua blue,$           490.00,5.0,4.0,1.0,,,,,,,,,,,,,
,velours magenta,$          490.00,4.0,1.0,3.0,,,,,,,,,,,,,
,velours blue,$          490.00,10.0,4.0,6.0,,,,,,,,,,,,,
,velours black,$           490.00,0.0,0.0,0.0,,,,,,,,,,,,,
,velours jade green,$           490.00,9.0,4.0,5.0,,,,,,,,,,,,,
,velour light blue,$           490.00,5.0,5.0,,,,,,,,,,,,,,
,velours taupe,$          490.00,8.0,4.0,4.0,,,,,,,,,,,,,
,paloma olive,$           690.00,5.0,2.0,3.0,,,,,,,,,,,,,
,paloma black,$          690.00,5.0,2.0,3.0,,,,,,,,,,,,,
,paloma blue,$           690.00,6.0,3.0,3.0,,,,,,,,,,,,,
,paloma white,$           690.00,7.0,4.0,3.0,,,,,,,,,,,,,
,barok gold FOR SALE,$          490.00,2.0,2.0,0.0,,,,,,,,,,,,,
,barok taupe FOR SALE,$           490.00,2.0,2.0,0.0,,,,,,,,,,,,,
,barok black FOR SALE,$           490.00,2.0,0.0,2.0,,,,,,,,,,,,,
,barok blue FOR SALE,$           490.00,2.0,0.0,2.0,,,,,,,,,,,,,
,english rose,$          490.00,12.0,6.0,6.0,,,,,,,,,,,,,
,tocatta gold,$          750.00,7.0,4.0,3.0,,,,,,,,,,,,,
,tocatta white,$          750.00,7.0,4.0,3.0,,,,,,,,,,,,,
,tocatta black,$          750.00,7.0,4.0,3.0,,,,,,,,,,,,,
,barbapapa,$           450.00,4.0,2.0,2.0,,,,,,,,,,,,,
,big foot,$          450.00,1.0,0.0,1.0,,,,,,,,,,,,,
,tong tong silver,$          450.00,10.0,4.0,6.0,,,,,,,,,,,,,
,tong tong gold,$          450.00,2.0,2.0,,,,,,,,,,,,,,
,cobra grey (NYC),"$       1,764.00",2.0,0.0,2.0,,,,,,,,,,,,,
,cobra red (NYC),"$       1,764.00",3.0,0.0,3.0,,,,,,,,,,,,,
,cobra lilac (NYC),"$       1,764.00",1.0,0.0,1.0,,,,,,,,,,,,,
,cobra aqua blue (NYC),"$       1,764.00",2.0,0.0,2.0,,,,,,,,,,,,,
,cobra magenta (NYC),"$       1,764.00",3.0,0.0,3.0,,,,,,,,,,,,,
,cobra lime (NYC),"$       1,764.00",2.0,0.0,2.0,,,,,,,,,,,,,
,cobra navy blue  (NYC),"$       1,764.00",2.0,0.0,2.0,,,,,,,,,,,,,
,cobra purple (NYC),"$       1,764.00",0.0,0.0,0.0,,,,,,,,,,,,,
,cobra mustard (NYC),"$       1,764.00",3.0,0.0,3.0,,,,,,,,,,,,,
,cobra white (NYC),"$       1,764.00",7.0,0.0,7.0,,,,,,,,,,,,,
,cobra black (NYC,"$       1,764.00",4.0,0.0,4.0,,,,,,,,,,,,,
,Cobra WHITE  (FLORIDA STYLE),"$       1,764.00",20.0,20.0,,,,,,,,,,,,,,
,Cobra SILVER,,1.0,1.0,,,,,,,,,,,,,,
,Cobra PURPLE,,20.0,20.0,,,,,,,,,,,,,,
,Cobra PINK,,20.0,20.0,,,,,,,,,,,,,,
,Cobra LIME,,20.0,20.0,,,,,,,,,,,,,,
,Cobra GOLD,,1.0,1.0,,,,,,,,,,,,,,
,Cobra BLACK,,20.0,20.0,,,,,,,,,,,,,,
,Cobra AQUA,,20.0,20.0,,,,,,,,,,,,,,
,Cobra ORANGE,,20.0,20.0,,,,,,,,,,,,,,
,Cobra YELLOW,,20.0,20.0,,,,,,,,,,,,,,
,licorice lime green,"$       1,800.00",4.0,2.0,2.0,,,,,,,,,,,,,
,licorice green SPANDEX,"$       1,800.00",4.0,2.0,2.0,,,,,,,,,,,,,
,licorice blue SPANDEX,"$       1,800.00",4.0,2.0,2.0,,,,,,,,,,,,,
,licorice yellow SPANDEX,"$       1,800.00",4.0,2.0,2.0,,,,,,,,,,,,,
,licorice orange SPANDEX,"$       1,800.00",4.0,2.0,2.0,,,,,,,,,,,,,
,licorice magenta SPANDEX,"$       1,800.00",2.0,2.0,0.0,,,,,,,,,,,,,
,licorice orange,"$       1,800.00",2.0,1.0,1.0,,,,,,,,,,,,,
,licorice black VELVET,"$       1,800.00",4.0,4.0,4.0,,,,,,,,,,,,,
,licorice red SPANDEX,"$       1,800.00",4.0,2.0,2.0,,,,,,,,,,,,,
,licorice white,"$       1,800.00",14.0,10.0,4.0,,,,,,,,,,,,,
,so far away orange,"$       1,500.00",8.0,1.0,,,,,,,,,,,,,,
,so far away purple,"$       1,500.00",8.0,2.0,2.0,,,,,,,,,,,,,
,so far away gold,"$       1,500.00",1.0,,,,,,,,,,,,,,,
,so far away silver,"$       1,500.00",3.0,,3.0,,,,,,,,,,,,,
,so far away yellow,"$       1,500.00",1.0,,1.0,,,,,,,,,,,,,
,so far away black,"$       1,500.00",1.0,1.0,,,,,,,,,,,,,,
,so far away magenta,"$       1,500.00",12.0,8.0,4.0,,,,,,,,,,,,,
,so far away lime,"$       1,500.00",1.0,1.0,,,,,,,,,,,,,,
,so far away white,"$       1,500.00",3.0,3.0,,,,,,,,,,,,,,
,colossus,"$1,200",2.0,1.0,1.0,,,,,,,,,,,,,
,Tubus white FRAME,"$       1,200.00",12.0,,6.0,,,,,,,,,,,,,
,Tubus black,,12.0,,,,,,,,,,,,,,,
,Tubus yellow,,12.0,,,,,,,,,,,,,,,
,Tubus gold,,12.0,,,,,,,,,,,,,,,
,Tubus blue,,12.0,,,,,,,,,,,,,,,
,Tubus Magenta,,12.0,,,,,,,,,,,,,,,
,Tubus Purple,,12.0,,,,,,,,,,,,,,,
,Tubus orange,,12.0,,,,,,,,,,,,,,,
,Tubus lime,,12.0,,,,,,,,,,,,,,,
,Tubus silver,,12.0,,,,,,,,,,,,,,,
,Baloo Sofa Frame,"$1,100",21.0,17.0,4.0,,,,,,,,,,,,,
,White Cover,,15.0,,,,,,,,,,,,,,,
,Pink Cover,,3.0,,,,,,,,,,,,,,,
,Navy Blue,,15.0,,,,,,,,,,,,,,,
,Orange Cover,,15.0,,,,,,,,,,,,,,,
,Aqua Cover,,15.0,,,,,,,,,,,,,,,
,Black Cover,,15.0,,,,,,,,,,,,,,,
,Lime Green,,15.0,,,,,,,,,,,,,,,
,Yellow cover,,15.0,,,,,,,,,,,,,,,
,Baloo Love Seat Frames,$670,22.0,,,,,,,,,,,,,,,
,Baloo Armchair Frames,$450,29.0,,,,,,,,,,,,,,,
,chocolat FOR SALE,$          580.00,1.0,0.0,1.0,,,,,,,,,,,,,
,bohemian rapshody,$           675.00,2.0,1.0,1.0,,,,,,,,,,,,,
,metroline white 14-20 seater,"$       2,500.00",2.0,0.0,2.0,,,,,,,,,,,,,
,loop black (1 Arch 2 Benches),$          876.00,5.0,1.0,4.0,,,,,,,,,,,,,
,loop white (1 Arch 2 Benches),$           876.00,9.0,6.0,3.0,,,,,,,,,,,,,
,loop magenta,$           876.00,4.0,2.0,2.0,,,,,,,,,,,,,
,loop aqua blue,$           876.00,2.0,0.0,2.0,,,,,,,,,,,,,
,loop grey,$          876.00,2.0,0.0,2.0,,,,,,,,,,,,,
,carbon 14,$          250.00,2.0,0.0,2.0,,,,,,,,,,,,,
,snow flake black,$          250.00,18.0,18.0,,,,,,,,,,,,,,
,snow flake FRAME (6 pieces),$           250.00,29.0,14.0,15.0,,,,,,,,,,,,,
,snow flake blue,$           250.00,12.0,,,,,,,,,,,,,,,
,snow flake orange,$          250.00,6.0,,,,,,,,,,,,,,,
,snow flake lime green,$          250.00,6.0,,,,,,,,,,,,,,,
,Snow flake purple,$           250.00,6.0,,,,,,,,,,,,,,,
,snowflake pink,$          250.00,24.0,,0.0,,,,,,,,,,,,,
,Union Square/ Union Skyline (FRAMES),"$1,450",8.0,4.0,4.0,,,,,,,,,,,,,
,white,,8.0,4.0,4.0,,,,,,,,,,,,,
,gold top,,2.0,,2.0,,,,,,,,,,,,,
,lime,,14.0,7.0,7.0,,,,,,,,,,,,,
,light pink blush,,6.0,3.0,3.0,,,,,,,,,,,,,
,silver,,2.0,1.0,1.0,,,,,,,,,,,,,
,navy blue,,14.0,7.0,7.0,,,,,,,,,,,,,
,magenta,,11.0,5.0,6.0,,,,,,,,,,,,,
,black,,7.0,3.0,4.0,,,,,,,,,,,,,
,red,,14.0,7.0,7.0,,,,,,,,,,,,,
,purple,,14.0,7.0,7.0,,,,,,,,,,,,,
,yellow,,14.0,7.0,7.0,,,,,,,,,,,,,
,orange,,14.0,7.0,7.0,,,,,,,,,,,,,
,cottage loveseat,$          313.00,7.0,3.0,4.0,,,,,,,,,,,,,
,cottage sofa,$          448.00,4.0,1.0,3.0,,,,,,,,,,,,,
,,,,,,,,,,,,,,,,,,
,pampa chair,$          220.00,22.0,18.0,4.0,,,,,,,,,,,,,
,pampa corner,$          220.00,24.0,12.0,8.0,,,,,,,,,,,,,
,pampa,$          660.00,4.0,1.0,3.0,,,,,,,,,,,,,
,pasto,$          313.00,3.0,0.0,3.0,,,,,,,,,,,,,
,patchouli,$          468.00,4.0,1.0,3.0,,,,,,,,,,,,,
,bloom,$           448.00,4.0,3.0,1.0,,,,,,,,,,,,,
,nobile FOR SALE,$          450.00,3.0,0.0,3.0,,,,,,,,,,,,,
,flow white,$          468.00,12.0,7.0,5.0,,,,,,,,,,,,,
,flow black,$           468.00,11.0,2.0,9.0,,,,,,,,,,,,,
,flow grey flannel,$           468.00,6.0,5.0,1.0,,,,,,,,,,,,,
,casting black,$           438.00,8.0,5.0,3.0,,,,,,,,,,,,,
,casting white,$          438.00,11.0,5.0,6.0,,,,,,,,,,,,,
,matador *FOR SALE,$           360.00,12.0,6.0,6.0,,,,,,,,,,,,,
,aviator tom cat,$          450.00,10.0,5.0,5.0,,,,,,,,,,,,,
,bo love seat,$           300.00,69.0,29.0,40.0,,,,,,,,,,,,,
,bo corner,$           180.00,20.0,14.0,6.0,,,,,,,,,,,,,
,bo sectional white 2 seater,$           300.00,39.0,18.0,21.0,,,,,,,,,,,,,
,bo sectional black,$           300.00,13.0,6.0,7.0,,,,,,,,,,,,,
,bo sectional orange,$           300.00,4.0,4.0,0.0,,,,,,,,,,,,,
,bo sectional olive,$           300.00,6.0,6.0,0.0,,,,,,,,,,,,,
,bo sectional yellow,$           300.00,16.0,10.0,6.0,,,,,,,,,,,,,
,bo sectional red,$           300.00,,,7.0,,,,,,,,,,,,,
,bo sectional blue,$           300.00,6.0,6.0,0.0,,,,,,,,,,,,,
,bo sectional silver,$           300.00,6.0,2.0,6.0,,,,,,,,,,,,,
,bo sectional gold,$          300.00,4.0,2.0,4.0,,,,,,,,,,,,,
,koo white,$           200.00,90.0,30.0,60.0,,,,,,,,,,,,,
,grey cover,$           200.00,90.0,30.0,60.0,,,,,,,,,,,,,
,black cover,$          200.00,90.0,30.0,60.0,,,,,,,,,,,,,
,pink cover,$          200.00,40.0,19.0,21.0,,,,,,,,,,,,,
,blue cover,$           200.00,59.0,38.0,21.0,,,,,,,,,,,,,
,red cover,$           200.00,8.0,4.0,4.0,,,,,,,,,,,,,
,moss cover,$          200.00,12.0,4.0,8.0,,,,,,,,,,,,,
,yellow cover,$          200.00,13.0,5.0,8.0,,,,,,,,,,,,,
,orange cover,$          200.00,14.0,5.0,9.0,,,,,,,,,,,,,
,muah gold,$           450.00,6.0,5.0,1.0,,,,,,,,,,,,,
,muah white,$           450.00,3.0,2.0,1.0,,,,,,,,,,,,,
,muah black,$           450.00,1.0,0.0,1.0,,,,,,,,,,,,,
,muah red,$           450.00,4.0,1.0,3.0,,,,,,,,,,,,,
,spacio gold (NYC ITEM),$           850.00,0.0,0.0,0.0,,,,,,,,,,,,,
,spacio white (NYC ITEM),$           750.00,2.0,0.0,2.0,,,,,,,,,,,,,
,spacio black (NYC ITEM),$           750.00,2.0,0.0,2.0,,,,,,,,,,,,,
,grand hotel white,$           688.00,4.0,4.0,0.0,,,,,,,,,,,,,
,green cover,$          688.00,2.0,2.0,0.0,,,,,,,,,,,,,
,brown cover,$          688.00,2.0,2.0,0.0,,,,,,,,,,,,,
,red cover,$           688.00,2.0,2.0,0.0,,,,,,,,,,,,,
,grey cover,$          688.00,2.0,2.0,0.0,,,,,,,,,,,,,
,pink cover,$          688.00,4.0,4.0,0.0,,,,,,,,,,,,,
,black cover,$           688.00,2.0,2.0,0.0,,,,,,,,,,,,,
,Ottoman & bench,,,,,,,,,,,,,,,,,
,koo ottoman white,$           200.00,22.0,10.0,12.0,,,,,,,,,,,,,
,black cover,$           200.00,22.0,10.0,12.0,,,,,,,,,,,,,
,grey cover,$           200.00,22.0,10.0,12.0,,,,,,,,,,,,,
,olive cover,$           200.00,0.0,0.0,0.0,,,,,,,,,,,,,
,blue,$           200.00,1.0,,,,,,,,,,,,,,,
,orange cover,$           200.00,0.0,0.0,0.0,,,,,,,,,,,,,
,koo round white,$          200.00,34.0,26.0,8.0,,,,,,,,,,,,,
,black cover,$           200.00,17.0,9.0,8.0,,,,,,,,,,,,,
,curve bench,$          200.00,23.0,11.0,12.0,,,,,,,,,,,,,
,black cover,$          200.00,18.0,6.0,12.0,,,,,,,,,,,,,
,grey cover,$          200.00,19.0,7.0,12.0,,,,,,,,,,,,,
,rectangular bench white,$           150.00,20.0,6.0,14.0,,,,,,,,,,,,,
,black cover,$          150.00,18.0,4.0,14.0,,,,,,,,,,,,,
,grey cover,$           150.00,18.0,4.0,14.0,,,,,,,,,,,,,
,amici bench silver,$           188.00,24.0,7.0,17.0,,,,,,,,,,,,,
,amici bench gold,$           188.00,11.0,4.0,7.0,,,,,,,,,,,,,
,volute bench black,$           320.00,8.0,4.0,4.0,,,,,,,,,,,,,
,volute bench white,$           320.00,12.0,11.0,1.0,,,,,,,,,,,,,
,stone bench,$           150.00,3.0,1.0,2.0,,,,,,,,,,,,,
,yoko bench,$           150.00,16.0,7.0,9.0,,,,,,,,,,,,,
,pasto bench,$           150.00,7.0,2.0,5.0,,,,,,,,,,,,,
,grass cube,$           120.00,14.0,12.0,2.0,,,,,,,,,,,,,
,cube ottoman gold,$          120.00,37.0,27.0,10.0,,,,,,,,,,,,,
,cube ottoman silver,$           120.00,18.0,14.0,4.0,,,,,,,,,,,,,
,cube ootoman purple,$             50.00,7.0,7.0,0.0,,,,,,,,,,,,,
,cube ottoman orange,$             50.00,8.0,0.0,8.0,,,,,,,,,,,,,
,cube ottoman white,$             50.00,99.0,55.0,44.0,,,,,,,,,,,,,
,cube ottoman red,$             50.00,61.0,17.0,44.0,,,,,,,,,,,,,
,cube stool aqua,$             50.00,40.0,36.0,4.0,,,,,,,,,,,,,
,cube ottoman yellow,$             50.00,10.0,10.0,,,,,,,,,,,,,,
,Cube stool metallic silver (shiny),$             60.00,42.0,42.0,,,,,,,,,,,,,,
,cube ottoman black,$             50.00,88.0,40.0,48.0,,,,,,,,,,,,,
,cube ottoman brown,$             50.00,0.0,0.0,0.0,,,,,,,,,,,,,
,Candelabra,,,,,,,,,,,,,,,,,
,valo silver,$          180.00,50.0,20.0,30.0,,,,,,,,,,,,,
,valo gold,$          180.00,65.0,35.0,30.0,,,,,,,,,,,,,
,noor silver,$          280.00,74.0,44.0,30.0,,,,,,,,,,,,,
,noor gold,$          280.00,46.0,16.0,30.0,,,,,,,,,,,,,
,lumo silver,$          180.00,30.0,0.0,30.0,,,,,,,,,,,,,
,lumo gold,$          180.00,30.0,0.0,30.0,,,,,,,,,,,,,
,lys silver,$           280.00,65.0,35.0,30.0,,,,,,,,,,,,,
,lys gold,$           280.00,55.0,25.0,30.0,,,,,,,,,,,,,
,lucite silver acrylic,$          180.00,30.0,0.0,30.0,,,,,,,,,,,,,
,Placemat NYC,,,,,,,,,,,,,,,,,
,plato white,$             12.00,200.0,0.0,200.0,,,,,,,,,,,,,
,plato orange,$             12.00,200.0,0.0,200.0,,,,,,,,,,,,,
,plato blue,$             12.00,200.0,0.0,200.0,,,,,,,,,,,,,
,plato moss green,$             12.00,200.0,0.0,200.0,,,,,,,,,,,,,
,plato pink,$             12.00,200.0,0.0,200.0,,,,,,,,,,,,,
,plato dark grey,$             12.00,200.0,0.0,200.0,,,,,,,,,,,,,
,Accent and décor lighting,,,,,,,,,,,,,,,,,
,fez magenta,$             80.00,100.0,50.0,50.0,,,,,,,,,,,,,
,fez gold,$             80.00,100.0,50.0,50.0,,,,,,,,,,,,,
,fez silver,$             80.00,100.0,50.0,50.0,,,,,,,,,,,,,
,luce,$             80.00,70.0,50.0,20.0,,,,,,,,,,,,,
,avatar silver,$           790.00,12.0,6.0,6.0,,,,,,,,,,,,,
,Avatar Treet White,$          550.00,10.0,3.0,7.0,,,,,,,,,,,,,
,Avatar Tree Pink,$          550.00,12.0,6.0,6.0,,,,,,,,,,,,,
,Avatar Tree Turquoise,$           550.00,13.0,8.0,5.0,,,,,,,,,,,,,
,avatar gold,$           790.00,16.0,6.0,10.0,,,,,,,,,,,,,
,tokyo blossom,$           600.00,4.0,2.0,2.0,,,,,,,,,,,,,
,Sophie Pink,"$       1,500.00",2.0,1.0,1.0,,,,,,,,,,,,,
,oh dear!,"$       1,500.00",2.0,1.0,1.0,,,,,,,,,,,,,
,Sophie,"$       1,500.00",2.0,1.0,1.0,,,,,,,,,,,,,
,horse white,$          900.00,4.0,2.0,2.0,,,,,,,,,,,,,
,horse black,$          900.00,4.0,3.0,1.0,,,,,,,,,,,,,
,lumiere gold,"$       1,200.00",4.0,2.0,2.0,,,,,,,,,,,,,
,lumiere white,"$       1,200.00",4.0,2.0,2.0,,,,,,,,,,,,,
,mathilda,$           350.00,4.0,2.0,2.0,,,,,,,,,,,,,
,fuji olive,$           500.00,2.0,0.0,2.0,,,,,,,,,,,,,
,fuji smokey grey,$           500.00,3.0,1.0,2.0,,,,,,,,,,,,,
,fuji blue,$           500.00,3.0,1.0,2.0,,,,,,,,,,,,,
,fuji clear,$           500.00,2.0,0.0,2.0,,,,,,,,,,,,,
,roy pink,$           390.00,3.0,0.0,3.0,,,,,,,,,,,,,
,megara,$           188.00,2.0,0.0,2.0,,,,,,,,,,,,,
,Mannequin Wire FOR SALE,$           188.00,4.0,2.0,2.0,,,,,,,,,,,,,
,easel acrylic,$           250.00,8.0,4.0,4.0,,,,,,,,,,,,,
,podium deluxe,$          280.00,4.0,2.0,2.0,,,,,,,,,,,,,
,podium basic,$          250.00,4.0,4.0,0.0,,,,,,,,,,,,,
,podium topiary,$          320.00,0.0,0.0,0.0,,,,,,,,,,,,,
,topiary pedestal,$          150.00,9.0,6.0,3.0,,,,,,,,,,,,,
,let's groove mirror,$          490.00,1.0,0.0,1.0,,,,,,,,,,,,,
,self standing mirror gold frame,$           350.00,7.0,5.0,2.0,,,,,,,,,,,,,
,Fushion,$           250.00,12.0,6.0,6.0,,,,,,,,,,,,,
,Aqua,,,,,,,,,,,,,,,,,
,White,,,,,,,,,,,,,,,,,
,Yellow,,,,,,,,,,,,,,,,,
,Green,,,,,,,,,,,,,,,,,
,Red,,,,,,,,,,,,,,,,,
,Pink,,,,,,,,,,,,,,,,,
,Blue,,,,,,,,,,,,,,,,,
,Black,,,,,,,,,,,,,,,,,
,queen mirror,$           500.00,2.0,1.0,1.0,,,,,,,,,,,,,
,Divider/partitions,,,,,,,,,,,,,,,,,
,champagne wall,$           320.00,12.0,7.0,5.0,,,,,,,,,,,,,
,circus,$          750.00,3.0,1.0,2.0,,,,,,,,,,,,,
,prisma silver,$           550.00,2.0,2.0,0.0,,,,,,,,,,,,,
,prisma gold,$           550.00,1.0,0.0,1.0,,,,,,,,,,,,,
,amazonia,$          200.00,11.0,8.0,3.0,,,,,,,,,,,,,
,bamboo,$          313.00,6.0,4.0,2.0,,,,,,,,,,,,,
,mikado,$          250.00,14.0,6.0,8.0,,,,,,,,,,,,,
,ondas,$          550.00,13.0,6.0,7.0,,,,,,,,,,,,,
,topiary,$          350.00,85.0,60.0,25.0,,,,,,,,,,,,,
,mini topiary,$          185.00,49.0,24.0,25.0,,,,,,,,,,,,,
,giant clock silver or gold,$          188.00,4.0,2.0,2.0,,,,,,,,,,,,,
,chiara fest,$          200.00,6.0,3.0,3.0,,,,,,,,,,,,,
,stanchion silver,$             25.00,189.0,156.0,32.0,,,,,,,,,,,,,
,stanchion gold,$             25.00,204.0,188.0,16.0,,,,,,,,,,,,,
,stanshion black retractable,$             30.00,18.0,0.0,18.0,,,,,,,,,,,,,
,inflatable led cone,$          150.00,10.0,6.0,4.0,,,,,,,,,,,,,
,market umbrella black,$           188.00,3.0,3.0,0.0,,,,,,,,,,,,,
,market umbrella square,$           188.00,20.0,10.0,10.0,,,,,,,,,,,,,
,Bars/back bars,,,,,,,,,,,,,,,,,
,bollywood orange,$           750.00,8.0,4.0,4.0,,,,,,,,,,,,,
,bollywood light pink,$           750.00,3.0,3.0,0.0,,,,,,,,,,,,,
,bollywood rose pink,$          750.00,8.0,4.0,4.0,,,,,,,,,,,,,
,bollywood white,$           750.00,7.0,4.0,3.0,,,,,,,,,,,,,
,bollywood olive,$           750.00,7.0,4.0,3.0,,,,,,,,,,,,,
,bollywood aqua blue,$          750.00,10.0,6.0,4.0,,,,,,,,,,,,,
,bollywood black,$          750.00,5.0,2.0,3.0,,,,,,,,,,,,,
,bollywood silver,$          750.00,14.0,7.0,7.0,,,,,,,,,,,,,
,bollywood gold,$          750.00,10.0,3.0,7.0,,,,,,,,,,,,,
,spartacus frozen gold magenta,$           688.00,7.0,3.0,4.0,,,,,,,,,,,,,
,spartacus frozen rainbow,$          688.00,7.0,3.0,4.0,,,,,,,,,,,,,
,spartacus frozen silver black,$           688.00,9.0,5.0,4.0,,,,,,,,,,,,,
,spartacus frozen gold black,$           688.00,12.0,8.0,4.0,,,,,,,,,,,,,
,spartacus frozen silver blue,$          688.00,9.0,5.0,4.0,,,,,,,,,,,,,
,spartacus frozen gold blue,$          688.00,18.0,14.0,4.0,,,,,,,,,,,,,
,spartacus frozen red,$          688.00,9.0,5.0,4.0,,,,,,,,,,,,,
,sparatcus frozen gold red,$          688.00,10.0,6.0,4.0,,,,,,,,,,,,,
,spartacus frozen gold purple,$          688.00,12.0,8.0,4.0,,,,,,,,,,,,,
,spartacus frozen silver purple,$           688.00,9.0,5.0,4.0,,,,,,,,,,,,,
,spartacus frozen gold,$           688.00,18.0,14.0,4.0,,,,,,,,,,,,,
,spartacus frozen silver,$          688.00,9.0,5.0,4.0,,,,,,,,,,,,,
,spartacus gold plain black,$           688.00,18.0,14.0,4.0,,,,,,,,,,,,,
,spartacus gold mirror silver,$          688.00,18.0,14.0,4.0,,,,,,,,,,,,,
,spartacus gold mirror silver,$           688.00,18.0,14.0,4.0,,,,,,,,,,,,,
,spartacus gold plain white,$          688.00,18.0,14.0,4.0,,,,,,,,,,,,,
,spartacus silver plain white,$           688.00,0.0,0.0,0.0,,,,,,,,,,,,,
,spartacus silver plain black,$          688.00,9.0,5.0,4.0,,,,,,,,,,,,,
,spartacus silver mirror,$           688.00,9.0,5.0,4.0,,,,,,,,,,,,,
,spartacus gold mirror,$          688.00,9.0,5.0,4.0,,,,,,,,,,,,,
,crown silver,$           938.00,8.0,5.0,3.0,,,,,,,,,,,,,
,crown gold,$          938.00,24.0,14.0,10.0,,,,,,,,,,,,,
,impact silver,$           938.00,10.0,4.0,6.0,,,,,,,,,,,,,
,impact gold,$          938.00,8.0,4.0,,,,,,,,,,,,,,
,eclipse,$          750.00,14.0,12.0,4.0,,,,,,,,,,,,,
,big bang silver matte (2 pieces),"$       2,400.00",4.0,2.0,2.0,,,,,,,,,,,,,
,Big bang black  (2 pieces),"$       2,400.00",4.0,2.0,2.0,,,,,,,,,,,,,
,big bang gold matte (2 pieces),"$       2,400.00",4.0,2.0,2.0,,,,,,,,,,,,,
,uno frozen gold,$          688.00,8.0,4.0,4.0,,,,,,,,,,,,,
,uno frozen silver,$          688.00,18.0,14.0,4.0,,,,,,,,,,,,,
,uno silver black frozen,$           688.00,7.0,3.0,4.0,,,,,,,,,,,,,
,uno gold frozen black,$          688.00,7.0,3.0,4.0,,,,,,,,,,,,,
,uno silver purple frozen,$           688.00,12.0,8.0,4.0,,,,,,,,,,,,,
,uno silver purple frozen,$           688.00,12.0,8.0,4.0,,,,,,,,,,,,,
,uno gold frozen blue,$           688.00,14.0,10.0,4.0,,,,,,,,,,,,,
,uno silver frozen blue,$           688.00,14.0,10.0,4.0,,,,,,,,,,,,,
,uno gold frozen red,$           688.00,7.0,3.0,4.0,,,,,,,,,,,,,
,uno frozen rainbow,$          688.00,7.0,3.0,4.0,,,,,,,,,,,,,
,origami gold/silver,$           750.00,6.0,4.0,2.0,,,,,,,,,,,,,
,origami silver,$           750.00,5.0,3.0,2.0,,,,,,,,,,,,,
,origami gold,$          750.00,6.0,4.0,2.0,,,,,,,,,,,,,
,origami red,$          750.00,4.0,2.0,2.0,,,,,,,,,,,,,
,origami purple,$          750.00,4.0,2.0,2.0,,,,,,,,,,,,,
,origami magenta,$          750.00,3.0,1.0,2.0,,,,,,,,,,,,,
,origami orange,$           750.00,2.0,0.0,2.0,,,,,,,,,,,,,
,origami lime green,$           750.00,2.0,0.0,2.0,,,,,,,,,,,,,
,origami orange,$           750.00,2.0,0.0,2.0,,,,,,,,,,,,,
,origami aqua blue,$           750.00,2.0,0.0,2.0,,,,,,,,,,,,,
,origami brown matte,$           750.00,5.0,3.0,2.0,,,,,,,,,,,,,
,meteor gold,$          750.00,18.0,10.0,8.0,,,,,,,,,,,,,
,bullion gold,$          750.00,4.0,2.0,2.0,,,,,,,,,,,,,
,lava silver,$           750.00,6.0,0.0,6.0,,,,,,,,,,,,,
,lava gold,$           750.00,2.0,0.0,2.0,,,,,,,,,,,,,
,amber,$           750.00,2.0,2.0,0.0,,,,,,,,,,,,,
,lotus,$           750.00,6.0,4.0,2.0,,,,,,,,,,,,,
,stud silver,$           750.00,4.0,1.0,3.0,,,,,,,,,,,,,
,art deco (gold rim),$           750.00,6.0,2.0,4.0,,,,,,,,,,,,,
,psycho silver,$           850.00,24.0,15.0,9.0,,,,,,,,,,,,,
,psycho gold,$           850.00,11.0,6.0,5.0,,,,,,,,,,,,,
,boreal green,$          750.00,16.0,,6.0,,,,,,,,,,,,,
,boreal rainbow,$           750.00,12.0,10.0,2.0,,,,,,,,,,,,,
,boreal blue,$           750.00,9.0,5.0,4.0,,,,,,,,,,,,,
#####,boreal silver,$           750.00,32.0,16.0,5.0,,,,,,,,,,,,,
,boreal magenta,$          750.00,5.0,1.0,4.0,,,,,,,,,,,,,
,boreal gold,$          750.00,17.0,15.0,2.0,,,,,,,,,,,,,
,piano white *FOR SALE,$          500.00,9.0,1.0,8.0,,,,,,,,,,,,,
,piano black *FOR SALE,$          500.00,7.0,3.0,4.0,,,,,,,,,,,,,
,uno curve,$          563.00,9.0,4.0,5.0,,,,,,,,,,,,,
,dj booth gold frame 6',$          350.00,4.0,2.0,2.0,,,,,,,,,,,,,
,uno bar silver 8',$          563.00,53.0,35.0,18.0,,,,,,,,,,,,,
,uno bar silver 6',$          475.00,14.0,4.0,10.0,,,,,,,,,,,,,
,uno bar silver 4',$          350.00,19.0,10.0,9.0,,,,,,,,,,,,,
,uno gold frame 8',$           563.00,17.0,9.0,8.0,,,,,,,,,,,,,
,uno gold frame 4',$           350.00,3.0,3.0,0.0,,,,,,,,,,,,,
,plexi silver,$           350.00,35.0,15.0,20.0,,,,,,,,,,,,,
,plexi gold,$           350.00,35.0,15.0,20.0,,,,,,,,,,,,,
,plexi red,$          350.00,35.0,15.0,20.0,,,,,,,,,,,,,
,plexi black,$          350.00,35.0,15.0,20.0,,,,,,,,,,,,,
,groovy,$           750.00,7.0,4.0,3.0,,,,,,,,,,,,,
,panama,$           750.00,9.0,4.0,5.0,,,,,,,,,,,,,
,vendome,$          663.00,4.0,2.0,2.0,,,,,,,,,,,,,
,sol,$           750.00,7.0,3.0,4.0,,,,,,,,,,,,,
,cadiz,$           750.00,6.0,3.0,3.0,,,,,,,,,,,,,
,cairo,$          750.00,6.0,2.0,4.0,,,,,,,,,,,,,
,azteca,$           750.00,7.0,1.0,6.0,,,,,,,,,,,,,
,cellar,$          510.00,10.0,10.0,0.0,,,,,,,,,,,,,
,eywa bar,$           550.00,23.0,11.0,12.0,,,,,,,,,,,,,
,eywa bar corner,$           250.00,8.0,4.0,4.0,,,,,,,,,,,,,
,cabernet,$          438.00,12.0,10.0,2.0,,,,,,,,,,,,,
,moscata,$           438.00,7.0,5.0,2.0,,,,,,,,,,,,,
,poppy,$          438.00,3.0,1.0,2.0,,,,,,,,,,,,,
,flores,$           750.00,10.0,6.0,4.0,,,,,,,,,,,,,
,Coliseum Curved side piece,$           280.00,3.0,2.0,1.0,,,,,,,,,,,,,
,Coliseum Curved,$          563.00,15.0,9.0,6.0,,,,,,,,,,,,,
,Coliseum Straight,$           563.00,8.0,4.0,4.0,,,,,,,,,,,,,
,golf,$          563.00,4.0,0.0,4.0,,,,,,,,,,,,,
,topiary,$           750.00,10.0,6.0,4.0,,,,,,,,,,,,,
,samodiva,$          663.00,6.0,2.0,4.0,,,,,,,,,,,,,
,rainforest,$           750.00,9.0,9.0,0.0,,,,,,,,,,,,,
,camelia,$           663.00,2.0,0.0,2.0,,,,,,,,,,,,,
,secret garden,$           663.00,6.0,2.0,4.0,,,,,,,,,,,,,
,luminar led curve,$           450.00,8.0,4.0,4.0,,,,,,,,,,,,,
,luminar led straight,$           450.00,19.0,9.0,10.0,,,,,,,,,,,,,
,Uno Bar 2.0 Silver FRAME,$           668.00,50.0,28.0,22.0,,,,,,,,,,,,,
,Uno Bar 2.0 Gold FRAME,$           668.00,50.0,30.0,20.0,,,,,,,,,,,,,
,Uno Bar 2.0 Gold Plexi,,200.0,185.0,15.0,,,,,,,,,,,,,
,Uno Bar 2.0 Blue Plexi,,50.0,35.0,15.0,,,,,,,,,,,,,
,Uno Bar 2.0 Blush Pink Plexi,,50.0,35.0,15.0,,,,,,,,,,,,,
,Uno Bar 2.0 Rose Gold,,50.0,35.0,15.0,,,,,,,,,,,,,
,Uno Bar 2.0 Gold Pixel,,60.0,45.0,15.0,,,,,,,,,,,,,
,Uno Bar 2.0 White Plexi,,200.0,185.0,15.0,,,,,,,,,,,,,
,Uno Bar 2.0 Red Plexi,,50.0,35.0,15.0,,,,,,,,,,,,,
,Paco (special paint $300 extra),,,,,,,,,,,,,,,,,
,paco (paint to color),"$       1,150.00",6.0,5.0,1.0,,,,,,,,,,,,,
,bark,$          590.00,6.0,2.0,4.0,,,,,,,,,,,,,
,western,$          390.00,6.0,2.0,2.0,,,,,,,,,,,,,
,coyotte,$           313.00,4.0,3.0,1.0,,,,,,,,,,,,,
,trio,$           590.00,10.0,6.0,4.0,,,,,,,,,,,,,
,industrial,$           390.00,9.0,6.0,3.0,,,,,,,,,,,,,
,kulbut,$          420.00,2.0,0.0,2.0,,,,,,,,,,,,,
,kali (COLORS UPON REQUEST),$          475.00,16.0,10.0,6.0,,,,,,,,,,,,,
,maze gold (COLORS UPON REQUEST),$           420.00,18.0,10.0,8.0,,,,,,,,,,,,,
,maze silver,$          420.00,17.0,10.0,7.0,,,,,,,,,,,,,
,fortress silver,$          420.00,13.0,10.0,3.0,,,,,,,,,,,,,
,soda silver,$           490.00,15.0,6.0,9.0,,,,,,,,,,,,,
,Mariposa White (per piece),$          420.00,16.0,14.0,2.0,,,,,,,,,,,,,
,Mariposa Silver  (per piece),$           420.00,16.0,9.0,2.0,,,,,,,,,,,,,
,Mariposa Black (per piece),$          420.00,16.0,8.0,8.0,,,,,,,,,,,,,
,Mariposa Gold (Per piece),$          420.00,16.0,8.0,8.0,,,,,,,,,,,,,
,iso silver,$          450.00,8.0,5.0,3.0,,,,,,,,,,,,,
,alpha gold (FOR SALE),$           420.00,22.0,15.0,7.0,,,,,,,,,,,,,
,alpha silver (FOR SALE),$           420.00,14.0,10.0,4.0,,,,,,,,,,,,,
,charlotte gold,$           690.00,4.0,2.0,2.0,,,,,,,,,,,,,
,susan silver,$           290.00,2.0,1.0,1.0,,,,,,,,,,,,,
,susan gold,$          290.00,17.0,6.0,11.0,,,,,,,,,,,,,
,Glowing,,,,,,,,,,,,,,,,,
,nuba corner,$           150.00,5.0,3.0,2.0,,,,,,,,,,,,,
,nuba,$           150.00,24.0,17.0,7.0,,,,,,,,,,,,,
,ypsilon,$           390.00,6.0,4.0,2.0,,,,,,,,,,,,,
,snake,$           150.00,25.0,16.0,9.0,,,,,,,,,,,,,
,cube,$             75.00,92.0,30.0,62.0,,,,,,,,,,,,,
,scuba,$          150.00,17.0,9.0,8.0,,,,,,,,,,,,,
,quadra,$          420.00,16.0,14.0,2.0,,,,,,,,,,,,,
,saturn,$          188.00,15.0,8.0,7.0,,,,,,,,,,,,,
,happy hour,$           150.00,15.0,12.0,3.0,,,,,,,,,,,,,
,globo 8'',$             50.00,10.0,0.0,10.0,,,,,,,,,,,,,
,globo 10'',$             50.00,17.0,0.0,17.0,,,,,,,,,,,,,
,globo 20'',$           125.00,37.0,28.0,9.0,,,,,,,,,,,,,
,globo 25'',$          188.00,35.0,28.0,7.0,,,,,,,,,,,,,
,globo 32'',$          250.00,20.0,14.0,6.0,,,,,,,,,,,,,
,globo 40'',$           390.00,2.0,1.0,1.0,,,,,,,,,,,,,
,tulip led,$           250.00,2.0,2.0,0.0,,,,,,,,,,,,,
,column,$          188.00,20.0,10.0,10.0,,,,,,,,,,,,,
,macau,$           290.00,7.0,4.0,3.0,,,,,,,,,,,,,
,inflatable cone,$          150.00,10.0,6.0,4.0,,,,,,,,,,,,,
,Outdoor living,,,,,,,,,,,,,,,,,
,tanzania sofa,$          490.00,5.0,1.0,4.0,,,,,,,,,,,,,
,tanzania love seat,$          438.00,5.0,1.0,4.0,,,,,,,,,,,,,
,tanzania chair,$           188.00,26.0,16.0,10.0,,,,,,,,,,,,,
,tanzania curve,$           490.00,4.0,,4.0,,,,,,,,,,,,,
,tanzania oval,$           188.00,5.0,0.0,5.0,,,,,,,,,,,,,
,tanzania coffee,$          188.00,12.0,4.0,8.0,,,,,,,,,,,,,
,tanzania ball chair,$          188.00,6.0,0.0,6.0,,,,,,,,,,,,,
,Melrose amrchair,$          350.00,4.0,2.0,2.0,,,,,,,,,,,,,
,Melrose Sofa,$           600.00,4.0,2.0,2.0,,,,,,,,,,,,,
,provence sofa,$           490.00,11.0,9.0,2.0,,,,,,,,,,,,,
,provence chair,$           195.00,21.0,15.0,6.0,,,,,,,,,,,,,
,bloom loveseat,$           448.00,4.0,3.0,1.0,,,,,,,,,,,,,
,,,,,,,,,,Name,,Unit Price,,,Quantity Florida,,,
,,,,,,,,picture,,,,,Quantity,,,New Jersey,,Fly
,,,,,,,,,,,,,,,,,,Delta
,,,,,,,,,,,,,,,,,,Kaleido Low
,,,,,,,,,bloom chair,,$,188.00,6,,2,4,,
,,,,,,,,,Kar sectional NYC ITEM ONLY,,$,40.00,145,,0,145,,
,,,,,,,,,Sierra Set,,$,850.00,6,,4,2,,
,,,,,,,,,grass chair,,$,188.00,1,,1,0,,
,,,,,,,,,yoko,,$,150.00,16,,7,9,,
,,,,,,,,,stone,,$,150.00,1,,1,0,,
,,,,,,,,,Day bed,,$,690.00,14,,6,8,,
,,,,,,,,,Round Pink Fuzzy Rug,,$,250.00,3,,3,,,
